{"cameraMode":{"drawMode":0,"name":"Shaded","section":"Shading Mode"},"sceneLighting":false,"audioPlay":false,"sceneViewState":{"m_AlwaysRefresh":false,"showFog":true,"showSkybox":false,"showFlares":true,"showImageEffects":true,"showParticleSystems":true,"showVisualEffectGraphs":true,"m_FxEnabled":true},"in2DMode":false,"pivot":{"x":-0.03353077173233032,"y":2.092120885848999,"z":-0.0037555694580078127},"rotation":{"x":0.29397234320640566,"y":-0.1641283631324768,"z":0.05127555876970291,"w":0.9403064250946045},"size":3.9391798973083498,"orthographic":false}